Id,ContactBookId,CompanyId,Name,Phone,Email,Address
1,5,10,Felipe,11940028922,Felipe@gmail.com,Avenida atlantica 28
2,6,11,Daniel,11965214933,Daniel@gmail.com,Rua Oscar Freire 47
3,7,12,Enzo,11987965238,Enzo@gmail.com,Avenida Cruzeiro do Sul 78
4,6,13,Igor,11922654483,Igor@gmail.com,Rua Augusta 11
5,9,5,Pedro,11941036087,Pedro@gmail.com,Avenida Paulista 86
6,5,12,Ryan,11958896300,Ryan@gmail.com,Tanque velho 31
7,6,10,Paulo,11985630255,Paulo@gmail.com,Vergueiro 01
